file,name,gpu_class,world_size,grad_accum_steps,dataset,train_shards,tokenizer_kind,tokenizer_path,train_seq_len,train_batch_tokens,iterations,warmup_steps,max_wallclock_seconds,model_params,num_heads,num_kv_heads,mlp_mult,tie_embeddings,embed_lr,head_lr,matrix_lr,scalar_lr,seed,custom_init_mode,tok_byte_grad_scale,tok_phrase_grad_scale,tok_space_grad_scale,tok_struct_grad_scale,last_step,stopping_step,last_val_loss,last_val_bpb,roundtrip_val_loss,roundtrip_val_bpb,score_bpb,last_train_time_ms,last_step_avg_ms,peak_mem_alloc_mib,peak_mem_reserved_mib,serialized_model_bytes,code_size_bytes,total_submission_size_bytes,int8_model_bytes,total_submission_size_int8_bytes
logs/.ipynb_checkpoints/2a342f81-9171-4d31-8976-aa55acec41bb-checkpoint.txt,2a342f81-9171-4d31-8976-aa55acec41bb-checkpoint.txt,8xH100,8,1,{dataset_dir.name},80,sentencepiece,"{args.tokenizer_path}"")",4096,524288,20000,20,0.3,17059912,8,4,,True,0.05,0.0,0.04,0.04,1337,n/a,,,,,8002,8002,2.0276,1.2009,2.03784228,1.20692498,1.20692498,600050,74.99,10123,10442,67224983,47686,67272669,15802559,15850245
logs/2a342f81-9171-4d31-8976-aa55acec41bb.txt,2a342f81-9171-4d31-8976-aa55acec41bb.txt,8xH100,8,1,{dataset_dir.name},80,sentencepiece,"{args.tokenizer_path}"")",4096,524288,20000,20,0.3,17059912,8,4,,True,0.05,0.0,0.04,0.04,1337,n/a,,,,,8002,8002,2.0276,1.2009,2.03784228,1.20692498,1.20692498,600050,74.99,10123,10442,67224983,47686,67272669,15802559,15850245
logs/.ipynb_checkpoints/345618fb-40d9-4c86-9869-b319056a30b2-checkpoint.txt,345618fb-40d9-4c86-9869-b319056a30b2-checkpoint.txt,8xH100,8,1,{dataset_dir.name},80,{tokenizer_log_kind},"{args.tokenizer_path}"")",4096,524288,20000,20,0.3,17059912,8,4,,True,0.05,0.0,0.04,0.04,1337,{args.custom_init_mode},1.0,1.0,1.0,1.0,7451,7451,2.0542,1.215,2.06365956,1.22059676,1.22059676,600019,80.53,10123,10298,67224983,59348,67284331,15791418,15850766
logs/345618fb-40d9-4c86-9869-b319056a30b2.txt,345618fb-40d9-4c86-9869-b319056a30b2.txt,8xH100,8,1,{dataset_dir.name},80,{tokenizer_log_kind},"{args.tokenizer_path}"")",4096,524288,20000,20,0.3,17059912,8,4,,True,0.05,0.0,0.04,0.04,1337,{args.custom_init_mode},1.0,1.0,1.0,1.0,7451,7451,2.0542,1.215,2.06365956,1.22059676,1.22059676,600019,80.53,10123,10298,67224983,59348,67284331,15791418,15850766
logs/eecf6797-03cb-44d4-b5b9-933631b66953.txt,eecf6797-03cb-44d4-b5b9-933631b66953.txt,8xH100,8,1,{dataset_dir.name},80,{tokenizer_log_kind},"{args.tokenizer_path}"")",4096,524288,20000,20,0.3,17059912,8,4,,True,0.05,0.0,0.04,0.04,1337,{args.custom_init_mode},1.0,1.0,1.0,1.0,7197,7197,2.0568,1.2165,2.06749424,1.22286486,1.22286486,599943,83.36,10123,10298,67224983,59348,67284331,15787751,15847099
logs/ab_baseline_sp1024_final.txt,ab_baseline_sp1024_final.txt,8xH100,8,1,fineweb10B_sp1024,80,sentencepiece,/workspace/parameter-golf/data/tokenizers/fineweb_1024_bpe.model,1024,524288,20000,20,600.0,17059912,8,4,,True,0.05,0.0,0.04,0.04,1337,n/a,,,,,11409,11409,2.066,1.2236,2.07699799,1.2301152,1.2301152,600003,52.59,10119,10438,67224983,47686,67272669,15807254,15854940
logs/ab_baseline_sp1024_8gpu.txt,ab_baseline_sp1024_8gpu.txt,8xH100,8,1,{dataset_dir.name},80,sentencepiece,"{args.tokenizer_path}"")",1024,524288,20000,20,0.3,17059912,8,4,,True,0.05,0.0,0.04,0.04,1337,n/a,,,,,11494,11494,2.0661,1.2236,2.07833099,1.23090468,1.23090468,600016,52.2,10119,10438,67224983,47686,67272669,15811222,15858908
logs/.ipynb_checkpoints/3c8bbfee-d1bc-412b-aa08-be1dd88823e5-checkpoint.txt,3c8bbfee-d1bc-412b-aa08-be1dd88823e5-checkpoint.txt,8xH100,8,1,{dataset_dir.name},80,sentencepiece,"{args.tokenizer_path}"")",1024,524288,20000,20,0.3,17059912,8,4,,True,0.05,0.0,0.04,0.04,1337,n/a,,,,,10855,10855,2.0676,1.2246,2.07866051,1.23109984,1.23109984,599993,55.27,10119,10294,67224983,47686,67272669,15817402,15865088
logs/3c8bbfee-d1bc-412b-aa08-be1dd88823e5.txt,3c8bbfee-d1bc-412b-aa08-be1dd88823e5.txt,8xH100,8,1,{dataset_dir.name},80,sentencepiece,"{args.tokenizer_path}"")",1024,524288,20000,20,0.3,17059912,8,4,,True,0.05,0.0,0.04,0.04,1337,n/a,,,,,10855,10855,2.0676,1.2246,2.07866051,1.23109984,1.23109984,599993,55.27,10119,10294,67224983,47686,67272669,15817402,15865088
logs/efefeec7-9a7a-437a-92b0-23bc94727a5c.txt,efefeec7-9a7a-437a-92b0-23bc94727a5c.txt,8xH100,8,1,{dataset_dir.name},80,sentencepiece,"{args.tokenizer_path}"")",1024,524288,20000,20,0.3,17059912,8,4,,True,0.05,0.0,0.04,0.04,1337,n/a,,,,,10895,10895,2.0682,1.2249,2.07986843,1.23181524,1.23181524,600012,55.07,10119,10294,67224983,47686,67272669,15812731,15860417
logs/8e9cab0d-ca3b-4316-9149-d00a847db658.txt,8e9cab0d-ca3b-4316-9149-d00a847db658.txt,8xH100,8,1,{dataset_dir.name},80,{tokenizer_log_kind},"{args.tokenizer_path}"")",1024,524288,20000,20,0.3,17059912,8,4,,True,0.05,0.0,0.04,0.04,1337,{args.custom_init_mode},0.63,0.9,0.98,0.95,12574,12574,2.0799,1.2302,2.09201827,1.23737278,1.23737278,600000,47.72,10119,10438,67224983,59348,67284331,15823764,15883112
logs/562bc6ca-ba76-43d1-b2bd-1b6b77c12951.txt,562bc6ca-ba76-43d1-b2bd-1b6b77c12951.txt,8xH100,8,1,{dataset_dir.name},80,{tokenizer_log_kind},"{args.tokenizer_path}"")",1024,524288,20000,20,0.3,17059912,8,4,,True,0.05,0.0,0.04,0.04,1337,{args.custom_init_mode},0.65,0.9,0.98,0.95,12480,12480,2.0808,1.2307,2.09226794,1.23752045,1.23752045,599965,48.07,10119,10438,67224983,59348,67284331,15823294,15882642
logs/ab_custom_v1_final.txt,ab_custom_v1_final.txt,8xH100,8,1,fineweb10B_customdp1024_80,80,custom_jsonl,/workspace/parameter-golf/vocab/b650_p36_w32_bs-priority_ps-combined_ws-combined_pin-none_ms10.jsonl,1024,524288,20000,20,600.0,17059912,8,4,,True,0.05,0.0,0.04,0.04,1337,n/a,,,,,11566,11566,2.0758,1.2304,2.08816099,1.23770264,1.23770264,599998,51.88,10119,10438,67224983,49629,67274612,15819107,15868736
logs/ab_custom_dp1024_8gpu.txt,ab_custom_dp1024_8gpu.txt,8xH100,8,1,{dataset_dir.name},80,{tokenizer_log_kind},"{args.tokenizer_path}"")",1024,524288,20000,20,0.3,17059912,8,4,,True,0.05,0.0,0.04,0.04,1337,n/a,,,,,11516,11516,2.0755,1.2302,2.08867191,1.23800548,1.23800548,599994,52.1,10119,10294,67224983,49629,67274612,15818308,15867937
logs/384988c0-72f1-4f02-a9cd-4641afe86220.txt,384988c0-72f1-4f02-a9cd-4641afe86220.txt,8xH100,8,1,{dataset_dir.name},80,{tokenizer_log_kind},"{args.tokenizer_path}"")",1024,524288,20000,20,0.3,17059912,8,4,,True,0.05,0.0,0.04,0.04,1337,{args.custom_init_mode},0.7,0.9,0.98,0.95,12633,12633,2.0796,1.23,2.09325369,1.2381035,1.2381035,599969,47.49,10119,10438,67224983,58388,67283371,15821206,15879594
logs/fb40abdd-3a45-4bd1-b5c8-063c8b811ba2.txt,fb40abdd-3a45-4bd1-b5c8-063c8b811ba2.txt,8xH100,8,1,{dataset_dir.name},80,{tokenizer_log_kind},"{args.tokenizer_path}"")",1024,524288,20000,20,0.3,17059912,8,4,,True,0.05,0.0,0.04,0.04,1337,{args.custom_init_mode},0.65,0.88,0.98,0.95,12577,12577,2.0801,1.2303,2.09342823,1.23820673,1.23820673,599969,47.7,10119,10438,67224983,59348,67284331,15819953,15879301
logs/.ipynb_checkpoints/966b3364-5c47-4ba3-981b-4f5a176d0a21-checkpoint.txt,966b3364-5c47-4ba3-981b-4f5a176d0a21-checkpoint.txt,8xH100,8,1,{dataset_dir.name},80,{tokenizer_log_kind},"{args.tokenizer_path}"")",1024,524288,20000,20,0.3,17059912,8,4,,True,0.05,0.0,0.04,0.04,1337,n/a,,,,,12970,12970,2.0794,1.2299,2.09361521,1.23831732,1.23831732,601615,46.39,10119,10438,67224983,49629,67274612,15822580,15872209
logs/966b3364-5c47-4ba3-981b-4f5a176d0a21.txt,966b3364-5c47-4ba3-981b-4f5a176d0a21.txt,8xH100,8,1,{dataset_dir.name},80,{tokenizer_log_kind},"{args.tokenizer_path}"")",1024,524288,20000,20,0.3,17059912,8,4,,True,0.05,0.0,0.04,0.04,1337,n/a,,,,,12970,12970,2.0794,1.2299,2.09361521,1.23831732,1.23831732,601615,46.39,10119,10438,67224983,49629,67274612,15822580,15872209
logs/7c4f32d6-7209-4105-bb5a-457e11a8e225.txt,7c4f32d6-7209-4105-bb5a-457e11a8e225.txt,8xH100,8,1,{dataset_dir.name},80,{tokenizer_log_kind},"{args.tokenizer_path}"")",1024,524288,20000,20,0.3,17059912,8,4,,True,0.05,0.0,0.04,0.04,1337,{args.custom_init_mode},0.6,0.9,0.98,0.95,12589,12589,2.0798,1.2301,2.09363478,1.2383289,1.2383289,600594,47.71,10119,10438,67224983,59348,67284331,15819762,15879110
logs/f196d5ba-4b3c-4d5b-9809-d59b3a099c29.txt,f196d5ba-4b3c-4d5b-9809-d59b3a099c29.txt,8xH100,8,1,{dataset_dir.name},80,{tokenizer_log_kind},"{args.tokenizer_path}"")",1024,524288,20000,20,0.3,17059912,8,4,,True,0.05,0.0,0.04,0.04,1337,n/a,,,,,12646,12646,2.0829,1.2313,2.09497458,1.23842136,1.23842136,599985,47.44,10119,10438,67224983,49629,67274612,15821608,15871237
logs/cf155b2c-7a38-4ecd-a596-e62f2f7371fd.txt,cf155b2c-7a38-4ecd-a596-e62f2f7371fd.txt,8xH100,8,1,{dataset_dir.name},80,{tokenizer_log_kind},"{args.tokenizer_path}"")",1024,524288,20000,20,0.3,17059912,8,4,,True,0.05,0.0,0.04,0.04,1337,{args.custom_init_mode},0.8,0.95,1.0,0.97,12428,12428,2.0812,1.231,2.09397575,1.23853057,1.23853057,599998,48.28,10119,10438,67224983,59346,67284329,15824043,15883389
logs/e2fac775-0fc4-4cb6-8bce-49dadff3d3c5.txt,e2fac775-0fc4-4cb6-8bce-49dadff3d3c5.txt,8xH100,8,1,{dataset_dir.name},80,{tokenizer_log_kind},"{args.tokenizer_path}"")",1024,524288,20000,20,0.3,17059912,8,4,,True,0.05,0.0,0.04,0.04,1337,{args.custom_init_mode},0.85,0.97,1.0,0.98,11631,11631,2.0834,1.2323,2.09567684,1.23953672,1.23953672,599988,51.59,10119,10438,67224983,58388,67283371,15823843,15882231
logs/963c4469-b7b1-4ce3-8467-2c7ffd9f295a.txt,963c4469-b7b1-4ce3-8467-2c7ffd9f295a.txt,8xH100,8,1,{dataset_dir.name},80,{tokenizer_log_kind},"{args.tokenizer_path}"")",1024,524288,20000,20,0.3,17059912,8,4,,True,0.05,0.0,0.04,0.04,1337,{args.custom_init_mode},0.63,0.9,0.98,0.95,12084,12084,2.0824,1.2317,2.09572081,1.23956273,1.23956273,599994,49.65,10119,10438,67224983,59348,67284331,15826608,15885956
logs/ab_top1_fallback20v1_8gpu.txt,ab_top1_fallback20v1_8gpu.txt,8xH100,8,1,{dataset_dir.name},80,{tokenizer_log_kind},"{args.tokenizer_path}"")",1024,524288,20000,20,0.3,17059912,8,4,,True,0.05,0.0,0.04,0.04,1337,n/a,,,,,11432,11432,2.1011,1.2334,2.11266035,1.24017626,1.24017626,600013,52.49,10120,10294,67224983,49629,67274612,15820403,15870032
logs/c919de46-ef88-4601-9cbe-1d9b437b74a4.txt,c919de46-ef88-4601-9cbe-1d9b437b74a4.txt,8xH100,8,1,{dataset_dir.name},80,{tokenizer_log_kind},"{args.tokenizer_path}"")",1024,524288,20000,20,0.3,17059912,8,4,,True,0.05,0.0,0.04,0.04,1337,{args.custom_init_mode},0.7,0.9,0.98,0.95,12174,12174,2.0837,1.2324,2.09689629,1.24025799,1.24025799,599984,49.28,10119,10438,67224983,59348,67284331,15822300,15881648
logs/54113f6f-784e-4e60-8f8d-d7d35ca7c5c1.txt,54113f6f-784e-4e60-8f8d-d7d35ca7c5c1.txt,8xH100,8,1,{dataset_dir.name},80,{tokenizer_log_kind},"{args.tokenizer_path}"")",1024,524288,20000,20,0.3,17059912,8,4,,True,0.05,0.0,0.04,0.04,1337,n/a,,,,,11008,11008,2.0877,1.2341,2.09940535,1.24104055,1.24104055,600018,54.51,10119,10294,67224983,49629,67274612,15818310,15867939
logs/537b929c-a103-4d34-be42-a901000626a8.txt,537b929c-a103-4d34-be42-a901000626a8.txt,8xH100,8,1,{dataset_dir.name},80,{tokenizer_log_kind},"{args.tokenizer_path}"")",1024,524288,20000,20,0.3,17059912,8,4,,True,0.05,0.0,0.04,0.04,1337,n/a,,,,,10802,10802,2.0858,1.2337,2.09836467,1.2411265,1.2411265,599981,55.54,10119,10294,67224983,49629,67274612,15823477,15873106
logs/986032f6-b1dc-4b1e-a784-53c8c6bebcec.txt,986032f6-b1dc-4b1e-a784-53c8c6bebcec.txt,8xH100,8,1,{dataset_dir.name},80,{tokenizer_log_kind},"{args.tokenizer_path}"")",1024,524288,20000,20,0.3,17059912,8,4,,True,0.05,0.0,0.04,0.04,1337,{args.custom_init_mode},0.63,0.9,0.98,0.95,10241,10241,2.0886,1.2354,2.10070591,1.24251128,1.24251128,600005,58.59,10119,10438,67224983,59348,67284331,15821524,15880872
logs/8d23ddcf-27d1-4ccd-b44d-8c8ecfd85d05.txt,8d23ddcf-27d1-4ccd-b44d-8c8ecfd85d05.txt,8xH100,8,1,{dataset_dir.name},80,{tokenizer_log_kind},"{args.tokenizer_path}"")",1024,524288,20000,20,0.3,17059912,8,4,,True,0.05,0.0,0.04,0.04,1337,n/a,,,,,10019,10019,2.0889,1.2355,2.1016181,1.24305082,1.24305082,600005,59.89,10119,10438,67224983,49629,67274612,15820137,15869766
logs/4c6f7c78-4d68-4de2-8027-5fb8baccd322.txt,4c6f7c78-4d68-4de2-8027-5fb8baccd322.txt,8xH100,8,1,{dataset_dir.name},80,{tokenizer_log_kind},"{args.tokenizer_path}"")",1024,524288,20000,20,0.3,17059912,8,4,,True,0.05,0.0,0.04,0.04,1337,{args.custom_init_mode},0.63,0.9,0.98,0.95,10291,10291,2.0907,1.2359,2.10312838,1.24324138,1.24324138,600010,58.3,10119,10438,67224983,59348,67284331,15819311,15878659
logs/ab_custom_vocab2_8gpu.txt,ab_custom_vocab2_8gpu.txt,8xH100,8,1,{dataset_dir.name},79,{tokenizer_log_kind},"{args.tokenizer_path}"")",1024,524288,20000,20,0.3,17059912,8,4,,True,0.05,0.0,0.04,0.04,1337,n/a,,,,,11444,11444,2.1175,1.2362,2.13055836,1.24383499,1.24383499,600069,52.44,10119,10294,67224983,49629,67274612,15815486,15865115
logs/3102baf5-fae6-4d4d-909f-1c04c01abbb5.txt,3102baf5-fae6-4d4d-909f-1c04c01abbb5.txt,8xH100,8,1,{dataset_dir.name},80,{tokenizer_log_kind},"{args.tokenizer_path}"")",1024,524288,20000,20,0.3,17059912,8,4,,True,0.05,0.0,0.04,0.04,1337,{args.custom_init_mode},1.0,1.0,1.0,1.0,7000,,2.1537,1.2739,,,1.2739,363008,47.76,,,,,,,
logs/0dbc6e30-2e35-414f-b632-16b625ec2597.txt,0dbc6e30-2e35-414f-b632-16b625ec2597.txt,8xH100,8,1,{dataset_dir.name},80,{tokenizer_log_kind},"{args.tokenizer_path}"")",1024,524288,20000,20,0.3,17059912,8,4,,True,0.05,0.0,0.04,0.04,1337,{args.custom_init_mode},0.45,0.75,0.9,0.85,5000,,2.1735,1.2855,,,1.2855,267073,47.69,,,,,,,
logs/128d8025-b4ae-465c-bcb6-95d0d95b6901.txt,128d8025-b4ae-465c-bcb6-95d0d95b6901.txt,8xH100,8,1,{dataset_dir.name},80,{tokenizer_log_kind},"{args.tokenizer_path}"")",1024,524288,20000,20,0.3,17059912,8,4,,True,0.05,0.0,0.04,0.04,1337,{args.custom_init_mode},1.0,1.0,1.0,1.0,4000,,2.1915,1.2962,,,1.2962,218868,47.58,,,,,,,
logs/2aaed35a-5b4c-4ff4-8966-23108973b9c9.txt,2aaed35a-5b4c-4ff4-8966-23108973b9c9.txt,1xH100,1,8,{dataset_dir.name},80,sentencepiece,"{args.tokenizer_path}"")",2048,524288,20000,20,0.3,17059912,8,4,,True,0.05,0.0,0.04,0.04,1337,n/a,,,,,1129,1129,2.2399,1.3266,2.24247624,1.32812074,1.32812074,600355,531.76,10240,10554,67224983,47686,67272669,12771785,12819471
logs/.ipynb_checkpoints/006746a4-2971-44ba-8010-08aefe0a9043-checkpoint.txt,006746a4-2971-44ba-8010-08aefe0a9043-checkpoint.txt,1xH100,1,8,{dataset_dir.name},80,sentencepiece,"{args.tokenizer_path}"")",1024,524288,20000,20,0.3,17059912,8,4,,True,0.05,0.0,0.04,0.04,1337,n/a,,,,,1328,1328,2.2447,1.3295,2.24671634,1.33063197,1.33063197,600274,452.01,10239,10730,67224983,47686,67272669,13290768,13338454
logs/006746a4-2971-44ba-8010-08aefe0a9043.txt,006746a4-2971-44ba-8010-08aefe0a9043.txt,1xH100,1,8,{dataset_dir.name},80,sentencepiece,"{args.tokenizer_path}"")",1024,524288,20000,20,0.3,17059912,8,4,,True,0.05,0.0,0.04,0.04,1337,n/a,,,,,1328,1328,2.2447,1.3295,2.24671634,1.33063197,1.33063197,600274,452.01,10239,10730,67224983,47686,67272669,13290768,13338454
logs/fbf6b983-0289-426a-8d30-28aefa43ca2f.txt,fbf6b983-0289-426a-8d30-28aefa43ca2f.txt,1xH100,1,8,{dataset_dir.name},80,sentencepiece,"{args.tokenizer_path}"")",1024,524288,20000,20,0.3,21778504,8,4,,True,0.05,0.0,0.04,0.04,1337,n/a,,,,,1121,1121,2.248,1.3314,2.25032512,1.33276929,1.33276929,600247,535.46,11407,11556,86099351,47686,86147037,16068726,16116412
logs/547ea058-0586-46b6-9611-80aee17c6ccb.txt,547ea058-0586-46b6-9611-80aee17c6ccb.txt,1xH100,1,8,{dataset_dir.name},80,{tokenizer_log_kind},"{args.tokenizer_path}"")",4096,524288,20000,20,0.3,17059912,8,4,,True,0.05,0.0,0.04,0.04,1337,{args.custom_init_mode},1.0,1.0,1.0,1.0,1076,1076,2.256,1.3344,2.258862,1.33605352,1.33605352,600085,557.7,10242,10732,67224983,59348,67284331,12569629,12628977
logs/.ipynb_checkpoints/d5f94ada-1298-4702-9123-6770eed68924-checkpoint.txt,d5f94ada-1298-4702-9123-6770eed68924-checkpoint.txt,1xH100,1,8,{dataset_dir.name},80,sentencepiece,"{args.tokenizer_path}"")",1024,524288,20000,20,0.3,19417152,8,4,,True,0.05,0.0,0.04,0.04,1337,n/a,,,,,1139,1139,2.2553,1.3357,2.2576411,1.33710223,1.33710223,600063,526.83,10307,10352,76650381,47686,76698067,14373772,14421458
logs/d5f94ada-1298-4702-9123-6770eed68924.txt,d5f94ada-1298-4702-9123-6770eed68924.txt,1xH100,1,8,{dataset_dir.name},80,sentencepiece,"{args.tokenizer_path}"")",1024,524288,20000,20,0.3,19417152,8,4,,True,0.05,0.0,0.04,0.04,1337,n/a,,,,,1139,1139,2.2553,1.3357,2.2576411,1.33710223,1.33710223,600063,526.83,10307,10352,76650381,47686,76698067,14373772,14421458
logs/.ipynb_checkpoints/8cd5e256-9d46-4f4e-8682-28117ebe9144-checkpoint.txt,8cd5e256-9d46-4f4e-8682-28117ebe9144-checkpoint.txt,1xH100,1,8,{dataset_dir.name},80,{tokenizer_log_kind},"{args.tokenizer_path}"")",1024,524288,20000,20,0.3,17059912,8,4,,True,0.05,0.0,0.04,0.04,1337,n/a,,,,,1402,1402,2.2598,1.3366,2.26183503,1.33781484,1.33781484,600265,428.15,10239,10554,67224983,49629,67274612,13687290,13736919
logs/8cd5e256-9d46-4f4e-8682-28117ebe9144.txt,8cd5e256-9d46-4f4e-8682-28117ebe9144.txt,1xH100,1,8,{dataset_dir.name},80,{tokenizer_log_kind},"{args.tokenizer_path}"")",1024,524288,20000,20,0.3,17059912,8,4,,True,0.05,0.0,0.04,0.04,1337,n/a,,,,,1402,1402,2.2598,1.3366,2.26183503,1.33781484,1.33781484,600265,428.15,10239,10554,67224983,49629,67274612,13687290,13736919
logs/5ca956b4-f82c-4b21-9678-18d3e9662dd7.txt,5ca956b4-f82c-4b21-9678-18d3e9662dd7.txt,1xH100,1,8,{dataset_dir.name},80,{tokenizer_log_kind},"{args.tokenizer_path}"")",2048,524288,20000,20,0.3,17059912,8,4,,True,0.05,0.0,0.04,0.04,1337,{args.custom_init_mode},1.0,1.0,1.0,1.0,1121,1121,2.2607,1.3371,2.2633296,1.33869896,1.33869896,600021,535.25,10240,10730,67224983,59348,67284331,12766501,12825849
logs/03ee86eb-6e65-4941-bd40-20a3dfae9427.txt,03ee86eb-6e65-4941-bd40-20a3dfae9427.txt,1xH100,1,8,{dataset_dir.name},80,{tokenizer_log_kind},"{args.tokenizer_path}"")",1024,524288,20000,20,0.3,21778504,8,4,,True,0.05,0.0,0.04,0.04,1337,{args.custom_init_mode},1.0,1.0,1.0,1.0,1127,1127,2.2653,1.3398,2.26767613,1.34126969,1.34126969,600203,532.57,11407,11586,86099351,59348,86158699,16090161,16149509
logs/.ipynb_checkpoints/a250fd80-1ca2-4cdf-aa62-5961fc2c1ebc-checkpoint.txt,a250fd80-1ca2-4cdf-aa62-5961fc2c1ebc-checkpoint.txt,1xH100,1,8,{dataset_dir.name},80,{tokenizer_log_kind},"{args.tokenizer_path}"")",1024,524288,20000,20,0.3,17059912,8,4,,True,0.05,0.0,0.04,0.04,1337,{args.custom_init_mode},0.63,0.9,0.98,0.95,1272,1272,2.2734,1.3447,2.27573962,1.34603903,1.34603903,600320,471.95,10240,10554,67224983,59348,67284331,13070453,13129801
logs/a250fd80-1ca2-4cdf-aa62-5961fc2c1ebc.txt,a250fd80-1ca2-4cdf-aa62-5961fc2c1ebc.txt,1xH100,1,8,{dataset_dir.name},80,{tokenizer_log_kind},"{args.tokenizer_path}"")",1024,524288,20000,20,0.3,17059912,8,4,,True,0.05,0.0,0.04,0.04,1337,{args.custom_init_mode},0.63,0.9,0.98,0.95,1272,1272,2.2734,1.3447,2.27573962,1.34603903,1.34603903,600320,471.95,10240,10554,67224983,59348,67284331,13070453,13129801
logs/c0d21719-a31c-4416-8a0c-bb3df795338b.txt,c0d21719-a31c-4416-8a0c-bb3df795338b.txt,1xH100,1,8,{dataset_dir.name},80,{tokenizer_log_kind},"{args.tokenizer_path}"")",1024,524288,20000,20,0.3,17059912,8,4,,True,0.05,0.0,0.04,0.04,1337,n/a,,,,,1157,1157,2.2712,1.3451,2.27328656,1.34636835,1.34636835,600347,518.88,10746,10840,67224983,49629,67274612,13106228,13155857
logs/.ipynb_checkpoints/3064be77-e783-4951-a162-e4d4cf290f0e-checkpoint.txt,3064be77-e783-4951-a162-e4d4cf290f0e-checkpoint.txt,1xH100,1,8,{dataset_dir.name},80,sentencepiece,"{args.tokenizer_path}"")",1024,524288,20000,20,0.3,17059912,8,4,,True,0.05,0.0,0.04,0.04,1337,n/a,,,,,1147,1147,2.2737,1.3466,2.27608041,1.34802302,1.34802302,600258,523.33,10239,10554,67224983,47686,67272669,12871469,12919155
logs/3064be77-e783-4951-a162-e4d4cf290f0e.txt,3064be77-e783-4951-a162-e4d4cf290f0e.txt,1xH100,1,8,{dataset_dir.name},80,sentencepiece,"{args.tokenizer_path}"")",1024,524288,20000,20,0.3,17059912,8,4,,True,0.05,0.0,0.04,0.04,1337,n/a,,,,,1147,1147,2.2737,1.3466,2.27608041,1.34802302,1.34802302,600258,523.33,10239,10554,67224983,47686,67272669,12871469,12919155
logs/1d8a8be9-c70b-415d-9de1-200286fc5f14.txt,1d8a8be9-c70b-415d-9de1-200286fc5f14.txt,1xH100,1,8,{dataset_dir.name},80,{tokenizer_log_kind},"{args.tokenizer_path}"")",1024,524288,20000,20,0.3,17059912,8,4,,True,0.05,0.0,0.04,0.04,1337,n/a,,,,,1206,1206,2.2791,1.3473,2.28133127,1.34858408,1.34858408,600292,497.75,10239,10554,67224983,49629,67274612,12884142,12933771
logs/0e652f38-3186-427e-bd08-05cfcb1bf27e.txt,0e652f38-3186-427e-bd08-05cfcb1bf27e.txt,1xH100,1,8,{dataset_dir.name},80,{tokenizer_log_kind},"{args.tokenizer_path}"")",1024,524288,20000,20,0.3,19417152,8,4,,True,0.05,0.0,0.04,0.04,1337,{args.custom_init_mode},1.0,1.0,1.0,1.0,1160,1160,2.2789,1.3479,2.28123547,1.34928968,1.34928968,600132,517.35,10310,10366,76650381,59348,76709729,14514084,14573432
logs/dd30f451-4587-4fb8-b883-d40708627cd5.txt,dd30f451-4587-4fb8-b883-d40708627cd5.txt,1xH100,1,8,{dataset_dir.name},79,{tokenizer_log_kind},"{args.tokenizer_path}"")",1024,524288,20000,20,0.3,17059912,8,4,,True,0.05,0.0,0.04,0.04,1337,n/a,,,,,1219,1219,2.2776,1.35,2.27987803,1.35133789,1.35133789,600390,492.53,10746,10808,67224983,49629,67274612,13104692,13154321
logs/64cf46a3-dd74-447e-8a7b-a04bd78e3940.txt,64cf46a3-dd74-447e-8a7b-a04bd78e3940.txt,1xH100,1,8,{dataset_dir.name},80,{tokenizer_log_kind},"{args.tokenizer_path}"")",1024,524288,20000,20,0.3,17059912,8,4,,True,0.05,0.0,0.04,0.04,1337,{args.custom_init_mode},0.63,0.9,0.98,0.95,1141,1141,2.2887,1.3537,2.2909511,1.35503622,1.35503622,600190,526.02,10239,10694,67224983,59348,67284331,12856435,12915783
logs/.ipynb_checkpoints/807184cf-5838-4111-89a9-3050aed2920a-checkpoint.txt,807184cf-5838-4111-89a9-3050aed2920a-checkpoint.txt,1xH100,1,8,{dataset_dir.name},80,{tokenizer_log_kind},"{args.tokenizer_path}"")",1024,524288,20000,20,0.3,17059912,8,4,,True,0.05,0.0,0.04,0.04,1337,{args.custom_init_mode},0.63,0.9,0.98,0.95,1148,1148,2.2938,1.356,2.29631565,1.35744193,1.35744193,600328,522.93,10240,10554,67224983,60053,67285036,12832986,12893039
logs/807184cf-5838-4111-89a9-3050aed2920a.txt,807184cf-5838-4111-89a9-3050aed2920a.txt,1xH100,1,8,{dataset_dir.name},80,{tokenizer_log_kind},"{args.tokenizer_path}"")",1024,524288,20000,20,0.3,17059912,8,4,,True,0.05,0.0,0.04,0.04,1337,{args.custom_init_mode},0.63,0.9,0.98,0.95,1148,1148,2.2938,1.356,2.29631565,1.35744193,1.35744193,600328,522.93,10240,10554,67224983,60053,67285036,12832986,12893039
logs/.ipynb_checkpoints/9fac2ece-29f8-442d-90f9-7ee7deb2d59e-checkpoint.txt,9fac2ece-29f8-442d-90f9-7ee7deb2d59e-checkpoint.txt,1xH100,1,8,{dataset_dir.name},80,{tokenizer_log_kind},"{args.tokenizer_path}"")",1024,524288,20000,20,0.3,17065037,8,4,,True,0.05,0.0,0.04,0.04,1337,{args.custom_init_mode},1.0,1.0,1.0,1.0,1093,1093,2.2994,1.36,2.30202576,1.36158658,1.36158658,600130,549.07,11836,12264,67319325,66413,67385738,12676637,12743050
logs/9fac2ece-29f8-442d-90f9-7ee7deb2d59e.txt,9fac2ece-29f8-442d-90f9-7ee7deb2d59e.txt,1xH100,1,8,{dataset_dir.name},80,{tokenizer_log_kind},"{args.tokenizer_path}"")",1024,524288,20000,20,0.3,17065037,8,4,,True,0.05,0.0,0.04,0.04,1337,{args.custom_init_mode},1.0,1.0,1.0,1.0,1093,1093,2.2994,1.36,2.30202576,1.36158658,1.36158658,600130,549.07,11836,12264,67319325,66413,67385738,12676637,12743050
logs/smoke_baseline_sp1024.txt,smoke_baseline_sp1024.txt,1xH100,1,8,{dataset_dir.name},80,sentencepiece,"{args.tokenizer_path}"")",1024,524288,300,20,0.3,17059912,8,4,,True,0.05,0.0,0.04,0.04,1337,n/a,,,,,300,,2.7628,1.6363,2.82682811,1.67420683,1.67420683,153641,512.14,10746,10840,67224983,47686,67272669,8297749,8345435
logs/smoke_custom_dp1024.txt,smoke_custom_dp1024.txt,1xH100,1,8,{dataset_dir.name},80,{tokenizer_log_kind},"{args.tokenizer_path}"")",1024,524288,300,20,0.3,17059912,8,4,,True,0.05,0.0,0.04,0.04,1337,n/a,,,,,300,,2.7796,1.6475,2.84679064,1.68736047,1.68736047,151286,504.29,10746,10808,67224983,49629,67274612,8338705,8388334
logs/.ipynb_checkpoints/0d247036-7384-42dd-ae30-2781882f0acc-checkpoint.txt,0d247036-7384-42dd-ae30-2781882f0acc-checkpoint.txt,1xH100,1,8,{dataset_dir.name},80,{tokenizer_log_kind},"{args.tokenizer_path}"")",1024,524288,20000,20,0.3,17059912,8,4,,True,0.05,0.0,0.04,0.04,1337,{args.custom_init_mode},0.45,0.75,0.9,0.85,0,,6.9383,4.1015,,,4.1015,5645,564.53,,,,,,,
logs/0d247036-7384-42dd-ae30-2781882f0acc.txt,0d247036-7384-42dd-ae30-2781882f0acc.txt,1xH100,1,8,{dataset_dir.name},80,{tokenizer_log_kind},"{args.tokenizer_path}"")",1024,524288,20000,20,0.3,17059912,8,4,,True,0.05,0.0,0.04,0.04,1337,{args.custom_init_mode},0.45,0.75,0.9,0.85,0,,6.9383,4.1015,,,4.1015,5645,564.53,,,,,,,
logs/aa573497-d814-4576-bd85-4a89f720e9d5.txt,aa573497-d814-4576-bd85-4a89f720e9d5.txt,8xH100,8,1,{dataset_dir.name},80,{tokenizer_log_kind},"{args.tokenizer_path}"")",1024,524288,20000,20,0.3,17059912,8,4,,True,0.05,0.0,0.04,0.04,1337,{args.custom_init_mode},1.0,1.0,1.0,1.0,0,,6.9384,4.1039,,,4.1039,120042,600.21,,,,,,,
logs/ae5f1d14-e34b-46c2-8c66-ef94b3e17b1f.txt,ae5f1d14-e34b-46c2-8c66-ef94b3e17b1f.txt,8xH100,8,1,{dataset_dir.name},80,{tokenizer_log_kind},"{args.tokenizer_path}"")",1024,524288,20000,20,0.3,17059912,8,4,,True,0.05,0.0,0.04,0.04,1337,{args.custom_init_mode},1.0,1.0,1.0,1.0,0,,6.9384,4.1039,,,4.1039,54465,10892.95,,,,,,,
logs/boot_sp1024_samegpu_1gpu.txt,boot_sp1024_samegpu_1gpu.txt,1xH100,1,8,{dataset_dir.name},80,{tokenizer_log_kind},"{args.tokenizer_path}"")",1024,524288,20000,0,0.3,17059912,8,4,,True,0.05,0.0,0.04,0.04,1337,{args.custom_init_mode},,,,,49,49,7.999,4.7375,8.51704799,5.04427556,5.04427556,30048,613.22,10190,10510,67224983,60187,67285170,5166890,5227077
logs/boot_custom_v3_bigram_norm_b256_d8_s002.txt,boot_custom_v3_bigram_norm_b256_d8_s002.txt,1xH100,1,8,{dataset_dir.name},80,{tokenizer_log_kind},"{args.tokenizer_path}"")",1024,524288,20000,0,0.3,17066056,8,4,,True,0.05,0.0,0.04,0.04,1337,{args.custom_init_mode},256.0,,,,45,45,8.1828,4.8502,8.56038301,5.07394245,5.07394245,30258,672.4,10256,10332,67246169,63070,67309239,5113270,5176340
logs/boot_custom_v3_bigram_norm_b128_d8_s002.txt,boot_custom_v3_bigram_norm_b128_d8_s002.txt,1xH100,1,8,{dataset_dir.name},80,{tokenizer_log_kind},"{args.tokenizer_path}"")",1024,524288,20000,0,0.3,17065032,8,4,,True,0.05,0.0,0.04,0.04,1337,{args.custom_init_mode},256.0,,,,45,45,8.1889,4.8538,8.58076751,5.08602482,5.08602482,30048,667.74,10256,10332,67244121,63070,67307191,5117152,5180222
logs/boot_custom_v3_bigram_norm_b128_d16_s002.txt,boot_custom_v3_bigram_norm_b128_d16_s002.txt,1xH100,1,8,{dataset_dir.name},80,{tokenizer_log_kind},"{args.tokenizer_path}"")",1024,524288,20000,0,0.3,17070152,8,4,,True,0.05,0.0,0.04,0.04,1337,{args.custom_init_mode},256.0,,,,45,45,8.3281,4.9363,8.72112802,5.16921984,5.16921984,30203,671.19,10257,10330,67262553,63070,67325623,5121940,5185010
logs/boot_sp1024_1gpu.txt,boot_sp1024_1gpu.txt,1xH100,1,8,{dataset_dir.name},80,{tokenizer_log_kind},"{args.tokenizer_path}"")",1024,524288,20000,0,0.3,17059912,8,4,,True,0.05,0.0,0.04,0.04,1337,{args.custom_init_mode},,,,,49,49,8.3079,4.9204,8.84875433,5.24073074,5.24073074,30239,617.13,10190,10510,67224983,59235,67284218,5163581,5222816
logs/boot_custom_v3_bigram_norm_b256_d8_s003.txt,boot_custom_v3_bigram_norm_b256_d8_s003.txt,1xH100,1,8,{dataset_dir.name},80,{tokenizer_log_kind},"{args.tokenizer_path}"")",1024,524288,20000,0,0.3,17066056,8,4,,True,0.05,0.0,0.04,0.04,1337,{args.custom_init_mode},256.0,,,,40,40,8.7798,5.204,9.12422117,5.40814273,5.40814273,30174,754.35,10255,10576,67246169,63070,67309239,5090595,5153665
logs/boot_custom_v3_bigram_norm_b256_d16_s002.txt,boot_custom_v3_bigram_norm_b256_d16_s002.txt,1xH100,1,8,{dataset_dir.name},80,{tokenizer_log_kind},"{args.tokenizer_path}"")",1024,524288,20000,0,0.3,17072200,8,4,,True,0.05,0.0,0.04,0.04,1337,{args.custom_init_mode},256.0,,,,41,41,9.2276,5.4694,9.65880046,5.72500057,5.72500057,30233,737.39,10257,10510,67266649,63070,67329719,5105003,5168073
logs/boot_custom_v3_bigram_b1024_s010.txt,boot_custom_v3_bigram_b1024_s010.txt,1xH100,1,8,{dataset_dir.name},80,{tokenizer_log_kind},"{args.tokenizer_path}"")",1024,524288,20000,0,0.3,17584200,8,4,,True,0.05,0.0,0.04,0.04,1337,{args.custom_init_mode},256.0,,,,40,40,11.218,6.6492,11.70800571,6.93961322,6.93961322,30023,750.57,10194,10272,68273944,62280,68336224,5344141,5406421
logs/boot_custom_v3_bigram_b512_d32_s003.txt,boot_custom_v3_bigram_b512_d32_s003.txt,1xH100,1,8,{dataset_dir.name},80,{tokenizer_log_kind},"{args.tokenizer_path}"")",1024,524288,20000,0,0.3,17092680,8,4,,True,0.05,0.0,0.04,0.04,1337,{args.custom_init_mode},256.0,,,,41,41,11.3399,6.7214,11.80513001,6.9971811,6.9971811,30163,735.67,10195,10448,67323993,63004,67386997,5139825,5202829
logs/boot_custom_v3_bigram_b256_d16_s001_i0001.txt,boot_custom_v3_bigram_b256_d16_s001_i0001.txt,1xH100,1,8,{dataset_dir.name},80,{tokenizer_log_kind},"{args.tokenizer_path}"")",1024,524288,20000,0,0.3,17072200,8,4,,True,0.05,0.0,0.04,0.04,1337,{args.custom_init_mode},256.0,,,,41,41,11.3891,6.7506,11.8301554,7.01201425,7.01201425,30047,732.85,10192,10268,67266649,63004,67329653,5110389,5173393
logs/boot_custom_v3_bigram_b512_d32_s002.txt,boot_custom_v3_bigram_b512_d32_s002.txt,1xH100,1,8,{dataset_dir.name},80,{tokenizer_log_kind},"{args.tokenizer_path}"")",1024,524288,20000,0,0.3,17092680,8,4,,True,0.05,0.0,0.04,0.04,1337,{args.custom_init_mode},256.0,,,,41,41,11.412,6.7641,11.88433181,7.0441259,7.0441259,30266,738.2,10195,10448,67323993,63004,67386997,5138687,5201691
logs/boot_custom_v3_bigram_b512_d32_s005.txt,boot_custom_v3_bigram_b512_d32_s005.txt,1xH100,1,8,{dataset_dir.name},80,{tokenizer_log_kind},"{args.tokenizer_path}"")",1024,524288,20000,0,0.3,17092680,8,4,,True,0.05,0.0,0.04,0.04,1337,{args.custom_init_mode},256.0,,,,39,39,11.9164,7.0631,12.40129402,7.35054168,7.35054168,30119,772.28,10195,10448,67323993,63004,67386997,5126101,5189105
logs/boot_custom_v3_bigram_1gpu.txt,boot_custom_v3_bigram_1gpu.txt,1xH100,1,8,{dataset_dir.name},80,{tokenizer_log_kind},"{args.tokenizer_path}"")",1024,524288,20000,0,0.3,21254216,8,4,,True,0.05,0.0,0.04,0.04,1337,{args.custom_init_mode},256.0,,,,15,15,14.4499,8.5648,14.77101751,8.75513311,8.75513311,30451,2030.09,10230,10532,75613976,62280,75676256,6577374,6639654
logs/boot_custom_v1_phraseinit_1gpu.txt,boot_custom_v1_phraseinit_1gpu.txt,1xH100,1,8,{dataset_dir.name},80,{tokenizer_log_kind},"{args.tokenizer_path}"")",1024,524288,20000,0,0.3,17059912,8,4,,True,0.05,0.0,0.04,0.04,1337,{args.custom_init_mode},256.0,,,,50,26,8.1733,4.8445,16.55626805,9.81329353,9.81329353,30302,606.05,10190,10502,67224983,59235,67284218,5061404,5120639
logs/3d6b26ea-2e33-4ce4-9d3b-8dca0c6a6174.txt,3d6b26ea-2e33-4ce4-9d3b-8dca0c6a6174.txt,8xH100,8,1,{dataset_dir.name},80,{tokenizer_log_kind},"{args.tokenizer_path}"")",1024,524288,20000,20,0.3,17059912,8,4,,True,0.05,0.0,0.04,0.04,1337,{args.custom_init_mode},1.0,1.0,1.0,1.0,,,,,,,,,,,,,,,,
logs/951265cd-14a4-4ee0-a2ad-641e3a977110.txt,951265cd-14a4-4ee0-a2ad-641e3a977110.txt,1xH100,1,8,{dataset_dir.name},80,{tokenizer_log_kind},"{args.tokenizer_path}"")",1024,524288,20000,20,0.3,21778504,8,4,,True,0.05,0.0,0.04,0.04,1337,{args.custom_init_mode},1.0,1.0,1.0,1.0,,,,,,,,,,,,,,,,
logs/b583cfaf-f494-4245-ace7-4f8bcd5c36f7.txt,b583cfaf-f494-4245-ace7-4f8bcd5c36f7.txt,unknown,,,{dataset_dir.name},,{tokenizer_log_kind},"{args.tokenizer_path}"")",,,,,0.3,,,,,,,,,,,{args.custom_init_mode},,,,,,,,,,,,,,,,,,,,
logs/bcf3fad0-337c-4f29-94c3-444424c35a4b.txt,bcf3fad0-337c-4f29-94c3-444424c35a4b.txt,unknown,,,{dataset_dir.name},,{tokenizer_log_kind},"{args.tokenizer_path}"")",,,,,0.3,,,,,,,,,,,{args.custom_init_mode},,,,,,,,,,,,,,,,,,,,
logs/c133cede-e138-433a-b831-7419804b67c5.txt,c133cede-e138-433a-b831-7419804b67c5.txt,1xH100,1,8,{dataset_dir.name},80,{tokenizer_log_kind},"{args.tokenizer_path}"")",1024,524288,20000,20,0.3,17059912,8,4,,True,0.05,0.0,0.04,0.04,1337,n/a,,,,,,,,,,,,,,,,,,,,
logs/.ipynb_checkpoints/c919de46-ef88-4601-9cbe-1d9b437b74a4-checkpoint.txt,c919de46-ef88-4601-9cbe-1d9b437b74a4-checkpoint.txt,8xH100,8,1,{dataset_dir.name},80,{tokenizer_log_kind},"{args.tokenizer_path}"")",1024,524288,20000,20,0.3,17059912,8,4,,True,0.05,0.0,0.04,0.04,1337,{args.custom_init_mode},0.7,0.9,0.98,0.95,,,,,,,,,,,,,,,,
logs/.ipynb_checkpoints/e767493d-bb76-4533-842e-d0d8d4f3e298-checkpoint.txt,e767493d-bb76-4533-842e-d0d8d4f3e298-checkpoint.txt,1xH100,1,8,{dataset_dir.name},80,{tokenizer_log_kind},"{args.tokenizer_path}"")",1024,524288,20000,20,0.3,17059912,8,4,,True,0.05,0.0,0.04,0.04,1337,{args.custom_init_mode},0.63,0.9,0.98,0.95,,,,,,,,,,,,,,,,
logs/e767493d-bb76-4533-842e-d0d8d4f3e298.txt,e767493d-bb76-4533-842e-d0d8d4f3e298.txt,1xH100,1,8,{dataset_dir.name},80,{tokenizer_log_kind},"{args.tokenizer_path}"")",1024,524288,20000,20,0.3,17059912,8,4,,True,0.05,0.0,0.04,0.04,1337,{args.custom_init_mode},0.63,0.9,0.98,0.95,,,,,,,,,,,,,,,,
logs/f40cff25-dde5-4b1a-8d81-d2aeb43771b6.txt,f40cff25-dde5-4b1a-8d81-d2aeb43771b6.txt,8xH100,8,1,{dataset_dir.name},80,{tokenizer_log_kind},"{args.tokenizer_path}"")",1024,524288,20000,20,0.3,17059912,8,4,,True,0.05,0.0,0.04,0.04,1337,{args.custom_init_mode},0.85,0.97,1.0,0.98,,,,,,,,,,,,,,,,
logs/smoke_custom_v1_phraseinit_1gpu.txt,smoke_custom_v1_phraseinit_1gpu.txt,unknown,,,{dataset_dir.name},,{tokenizer_log_kind},"{args.tokenizer_path}"")",,,,,0.3,,,,,,,,,,,{args.custom_init_mode},,,,,,,,,,,,,,,,,,,,
